slug,title,h1,url_path,body_chars,images
115-2,강남 하이퍼블릭 115 | 홍탁부장 010-7604-4361,강남 하이퍼블릭 115,gninfo/115-2/index.html,2645,
831-2,강남 쩜오 831 | 홍탁부장 010-7604-4361,강남 쩜오 831,gninfo/831-2/index.html,2785,
a1,강남 쩜오 에이원 | 홍탁부장 010-7604-4361,강남 쩜오 에이원,gninfo/a1/index.html,2452,
again,강남 호스트바 어게인 | 홍탁부장 010-7604-4361,강남 호스트바 어게인,gninfo/again/index.html,2004,
alive,강남 하이퍼블릭 사라있네 | 홍탁부장 010-7604-4361,강남 하이퍼블릭 사라있네,gninfo/alive/index.html,2444,
alphabet,강남 쩜오 알파벳 | 홍탁부장 010-7604-4361,강남 쩜오 알파벳,gninfo/alphabet/index.html,1950,
blending,강남 쩜오 블렌딩 | 홍탁부장 010-7604-4361,강남 쩜오 블렌딩,gninfo/blending/index.html,1940,
bts,강남 하이퍼블릭 방탄 | 홍탁부장 010-7604-4361,강남 하이퍼블릭 방탄,gninfo/bts/index.html,2859,
cnn,강남 호스트바 씨엔엔 | 홍탁부장 010-7604-4361,강남 호스트바 씨엔엔,gninfo/cnn/index.html,2022,
cnn-2,강남 셔츠룸 씨엔엔 | 홍탁부장 010-7604-4361,강남 셔츠룸 씨엔엔,gninfo/cnn-2/index.html,2129,
dalto,강남 하이퍼블릭 달토 | 홍탁부장 010-7604-4361,강남 하이퍼블릭 달토,gninfo/dalto/index.html,2969,
dc,강남 셔츠룸 디씨 | 홍탁부장 010-7604-4361,강남 셔츠룸 디씨,gninfo/dc/index.html,2937,
f1,강남 쩜오 에프원 | 홍탁부장 010-7604-4361,강남 쩜오 에프원,gninfo/f1/index.html,2779,
flurting,강남 호스트바 플러팅 | 홍탁부장 010-7604-4361,강남 호스트바 플러팅,gninfo/flurting/index.html,2063,
forest,강남 하이퍼블릭 수목원 | 홍탁부장 010-7604-4361,강남 하이퍼블릭 수목원,gninfo/forest/index.html,2456,
gugudan,강남 쩜오 구구단 | 홍탁부장 010-7604-4361,강남 쩜오 구구단,gninfo/gugudan/index.html,2709,
highkick,강남 레깅스룸 하이킥 | 홍탁부장 010-7604-4361,강남 레깅스룸 하이킥,gninfo/highkick/index.html,2238,
hollywood,강남 셔츠룸 할리우드 | 홍탁부장 010-7604-4361,강남 셔츠룸 할리우드,gninfo/hollywood/index.html,2552,
impact,강남 쩜오 임팩트 | 홍탁부장 010-7604-4361,강남 쩜오 임팩트,gninfo/impact/index.html,2244,
intro,강남 쩜오 인트로 | 홍탁부장 010-7604-4361,강남 쩜오 인트로,gninfo/intro/index.html,2287,
kingsman,강남 쩜오 킹스맨 | 홍탁부장 010-7604-4361,강남 쩜오 킹스맨,gninfo/kingsman/index.html,2328,
kk,강남 쩜오 크크 | 홍탁부장 010-7604-4361,강남 쩜오 크크,gninfo/kk/index.html,2303,
letsgo,강남 가라오케 레츠고 | 홍탁부장 010-7604-4361,강남 가라오케 레츠고,gninfo/letsgo/index.html,1868,
maker,강남 하이퍼블릭 메이커 | 홍탁부장 010-7604-4361,강남 하이퍼블릭 메이커,gninfo/maker/index.html,2921,
miracle,강남 쩜오 미라클 | 홍탁부장 010-7604-4361,강남 쩜오 미라클,gninfo/miracle/index.html,2794,
mk,강남 하이퍼블릭 엠케이 | 홍탁부장 010-7604-4361,강남 하이퍼블릭 엠케이,gninfo/mk/index.html,2698,
moneyball,강남 쩜오 머니볼 | 홍탁부장 010-7604-4361,강남 쩜오 머니볼,gninfo/moneyball/index.html,2896,
mullygun,강남 쩜오 멀리건 | 홍탁부장 010-7604-4361,강남 쩜오 멀리건,gninfo/mullygun/index.html,2741,
okidoki,강남 쩜오 오키도키 | 홍탁부장 010-7604-4361,강남 쩜오 오키도키,gninfo/okidoki/index.html,2505,
party,강남 하이퍼블릭 파티 | 홍탁부장 010-7604-4361,강남 하이퍼블릭 파티,gninfo/party/index.html,2480,
party1,강남 가라오케 파티원 | 홍탁부장 010-7604-4361,강남 가라오케 파티원,gninfo/party1/index.html,2501,
perfect,강남 가라오케 퍼펙트 | 홍탁부장 010-7604-4361,강남 가라오케 퍼펙트,gninfo/perfect/index.html,1791,
play,강남 셔츠룸 플레이 | 홍탁부장 010-7604-4361,강남 셔츠룸 플레이,gninfo/play/index.html,2528,
postbox,강남 쩜오 우체통 | 홍탁부장 010-7604-4361,강남 쩜오 우체통,gninfo/postbox/index.html,2392,
race,강남 클럽 레이스 | 홍탁부장 010-7604-4361,강남 클럽 레이스,gninfo/race/index.html,3053,
relay,강남 하이퍼블릭 릴레이 | 홍탁부장 010-7604-4361,강남 하이퍼블릭 릴레이,gninfo/relay/index.html,3107,
resort,강남 하이퍼블릭 리조트 | 홍탁부장 010-7604-4361,강남 하이퍼블릭 리조트,gninfo/resort/index.html,3004,
rising,강남 쩜오 라이징 | 홍탁부장 010-7604-4361,강남 쩜오 라이징,gninfo/rising/index.html,2875,
running-rabbit,강남 셔츠룸 달토 | 홍탁부장 010-7604-4361,강남 셔츠룸 달토,gninfo/running-rabbit/index.html,2519,
running-rabbit-2,강남 하이퍼블릭 런닝래빗 | 홍탁부장 010-7604-4361,강남 하이퍼블릭 런닝래빗,gninfo/running-rabbit-2/index.html,3049,
someday,강남 쩜오 썸데이 | 홍탁부장 010-7604-4361,강남 쩜오 썸데이,gninfo/someday/index.html,2059,
sound,강남 클럽 사운드 | 홍탁부장 010-7604-4361,강남 클럽 사운드,gninfo/sound/index.html,2882,
stay,강남 쩜오 스테이 | 홍탁부장 010-7604-4361,강남 쩜오 스테이,gninfo/stay/index.html,2101,
theglory,강남 쩜오 더글로리 | 홍탁부장 010-7604-4361,강남 쩜오 더글로리,gninfo/theglory/index.html,2847,
trend,강남 하이퍼블릭 트렌드 | 홍탁부장 010-7604-4361,강남 하이퍼블릭 트렌드,gninfo/trend/index.html,2454,
unique,강남 쩜오 유니크 | 홍탁부장 010-7604-4361,강남 쩜오 유니크,gninfo/unique/index.html,2365,
youandme,강남 하이퍼블릭 유앤미 | 홍탁부장 010-7604-4361,강남 하이퍼블릭 유앤미,gninfo/youandme/index.html,2617,
엘리트,강남 하이퍼블릭 엘리트 | 홍탁부장 010-7604-4361,강남 하이퍼블릭 엘리트,gninfo/엘리트/index.html,2412,
